millis,stamp,datetime,motion
999, 2047401165, 2115/165/0 1:1:1, Inactive
1999, 2047401165, 2115/165/0 1:1:1, Inactive
2999, 2047401165, 2115/165/0 1:1:1, Inactive
3999, 2047401165, 2115/165/0 1:1:1, Inactive
4999, 2047401165, 2115/165/0 1:1:1, Inactive
5999, 2047401165, 2115/165/0 1:1:1, Inactive
6999, 2047401165, 2115/165/0 1:1:1, Inactive
7999, 2047401165, 2115/165/0 1:1:1, Inactive
8999, 2047401165, 2115/165/0 1:1:1, Inactive
9999, 2047401165, 2115/165/0 1:1:1, Inactive
10999, 2047401165, 2115/165/0 1:1:1, Inactive
11999, 2047401165, 2115/165/0 1:1:1, Inactive
12999, 2047401165, 2115/165/0 1:1:1, Inactive
13998, 2047401165, 2115/165/0 1:1:1, Inactive
14999, 2047401165, 2115/165/0 1:1:1, Inactive
16000, 2047401165, 2115/165/0 1:1:1, Inactive
16999, 2047401165, 2115/165/0 1:1:1, Inactive
17999, 2047401165, 2115/165/0 1:1:1, Inactive
18999, 2047401165, 2115/165/0 1:1:1, Inactive
19999, 2047401165, 2115/165/0 1:1:1, Inactive
21000, 2047401165, 2115/165/0 1:1:1, Inactive
21999, 2047401165, 2115/165/0 1:1:1, Inactive
22999, 2047401165, 2115/165/0 1:1:1, Inactive
23999, 2047401165, 2115/165/0 1:1:1, Inactive
24999, 2047401165, 2115/165/0 1:1:1, Inactive
25999, 2047401165, 2115/165/0 1:1:1, Inactive
26999, 2047401165, 2115/165/0 1:1:1, Inactive
27999, 2047401165, 2115/165/0 1:1:1, Inactive
28999, 2047401165, 2115/165/0 1:1:1, Inactive
30000, 2047401165, 2115/165/0 1:1:1, Inactive
30999, 2047401165, 2115/165/0 1:1:1, Inactive
32000, 2047401165, 2115/165/0 1:1:1, Inactive
32999, 2047401165, 2115/165/0 1:1:1, Inactive
33999, 2047401165, 2115/165/0 1:1:1, Inactive
34999, 2047401165, 2115/165/0 1:1:1, Inactive
35999, 2047401165, 2115/165/0 1:1:1, Inactive
36999, 2047401165, 2115/165/0 1:1:1, Inactive
37999, 2047401165, 2115/165/0 1:1:1, Inactive
38999, 2047401165, 2115/165/0 1:1:1, Inactive
39999, 2047401165, 2115/165/0 1:1:1, Inactive
40999, 2047401165, 2115/165/0 1:1:1, Inactive
41999, 2047401165, 2115/165/0 1:1:1, Inactive
42999, 2047401165, 2115/165/0 1:1:1, Inactive
44000, 2047401165, 2115/165/0 1:1:1, Inactive
44999, 2047401165, 2115/165/0 1:1:1, Inactive
46000, 2047401165, 2115/165/0 1:1:1, Inactive
46999, 2047401165, 2115/165/0 1:1:1, Inactive
48000, 2047401165, 2115/165/0 1:1:1, Active
48999, 2047401165, 2115/165/0 1:1:1, Active
49999, 2047401165, 2115/165/0 1:1:1, Active
50999, 2047401165, 2115/165/0 1:1:1, Active
51999, 2047401165, 2115/165/0 1:1:1, Active
52999, 2047401165, 2115/165/0 1:1:1, Active
53999, 2047401165, 2115/165/0 1:1:1, Active
55000, 2047401165, 2115/165/0 1:1:1, Active
55999, 2047401165, 2115/165/0 1:1:1, Active
56999, 2047401165, 2115/165/0 1:1:1, Active
57999, 2047401165, 2115/165/0 1:1:1, Active
58999, 2047401165, 2115/165/0 1:1:1, Active
59999, 2047401165, 2115/165/0 1:1:1, Active
60999, 2047401165, 2115/165/0 1:1:1, Active
62000, 2047401165, 2115/165/0 1:1:1, Active
62999, 2047401165, 2115/165/0 1:1:1, Active
64000, 2047401165, 2115/165/0 1:1:1, Active
64999, 2047401165, 2115/165/0 1:1:1, Active
65999, 2047401165, 2115/165/0 1:1:1, Active
66999, 2047401165, 2115/165/0 1:1:1, Active
67999, 2047401165, 2115/165/0 1:1:1, Active
68999, 2047401165, 2115/165/0 1:1:1, Active
69999, 2047401165, 2115/165/0 1:1:1, Active
70999, 2047401165, 2115/165/0 1:1:1, Active
71999, 2047401165, 2115/165/0 1:1:1, Active
72999, 2047401165, 2115/165/0 1:1:1, Active
73999, 2047401165, 2115/165/0 1:1:1, Active
74999, 2047401165, 2115/165/0 1:1:1, Active
76000, 2047401165, 2115/165/0 1:1:1, Active
76999, 2047401165, 2115/165/0 1:1:1, Active
77999, 2047401165, 2115/165/0 1:1:1, Active
79000, 2047401165, 2115/165/0 1:1:1, Active
80000, 2047401165, 2115/165/0 1:1:1, Active
80999, 2047401165, 2115/165/0 1:1:1, Active
81999, 2047401165, 2115/165/0 1:1:1, Active
82999, 2047401165, 2115/165/0 1:1:1, Active
83999, 2047401165, 2115/165/0 1:1:1, Active
84998, 2047401165, 2115/165/0 1:1:1, Active
85999, 2047401165, 2115/165/0 1:1:1, Active
86999, 2047401165, 2115/165/0 1:1:1, Active
87999, 2047401165, 2115/165/0 1:1:1, Active
88999, 2047401165, 2115/165/0 1:1:1, Active
90000, 2047401165, 2115/165/0 1:1:1, Active
90999, 2047401165, 2115/165/0 1:1:1, Active
92000, 2047401165, 2115/165/0 1:1:1, Active
92998, 2047401165, 2115/165/0 1:1:1, Active
93999, 2047401165, 2115/165/0 1:1:1, Active
94999, 2047401165, 2115/165/0 1:1:1, Active
96000, 2047401165, 2115/165/0 1:1:1, Active
96999, 2047401165, 2115/165/0 1:1:1, Active
97999, 2047401165, 2115/165/0 1:1:1, Active
98999, 2047401165, 2115/165/0 1:1:1, Active
99999, 2047401165, 2115/165/0 1:1:1, Active
100999, 2047401165, 2115/165/0 1:1:1, Active
101999, 2047401165, 2115/165/0 1:1:1, Active
102999, 2047401165, 2115/165/0 1:1:1, Active
103999, 2047401165, 2115/165/0 1:1:1, Active
104999, 2047401165, 2115/165/0 1:1:1, Active
105999, 2047401165, 2115/165/0 1:1:1, Active
106999, 2047401165, 2115/165/0 1:1:1, Active
107999, 2047401165, 2115/165/0 1:1:1, Active
108999, 2047401165, 2115/165/0 1:1:1, Active
109999, 2047401165, 2115/165/0 1:1:1, Active
110999, 2047401165, 2115/165/0 1:1:1, Active
112000, 2047401165, 2115/165/0 1:1:1, Active
112999, 2047401165, 2115/165/0 1:1:1, Active
113998, 2047401165, 2115/165/0 1:1:1, Active
114999, 2047401165, 2115/165/0 1:1:1, Active
115999, 2047401165, 2115/165/0 1:1:1, Active
116999, 2047401165, 2115/165/0 1:1:1, Active
117999, 2047401165, 2115/165/0 1:1:1, Active
119000, 2047401165, 2115/165/0 1:1:1, Active
119999, 2047401165, 2115/165/0 1:1:1, Active
120998, 2047401165, 2115/165/0 1:1:1, Active
121999, 2047401165, 2115/165/0 1:1:1, Active
122999, 2047401165, 2115/165/0 1:1:1, Active
123999, 2047401165, 2115/165/0 1:1:1, Active
124998, 2047401165, 2115/165/0 1:1:1, Active
126000, 2047401165, 2115/165/0 1:1:1, Active
126999, 2047401165, 2115/165/0 1:1:1, Active
128000, 2047401165, 2115/165/0 1:1:1, Active
128999, 2047401165, 2115/165/0 1:1:1, Active
129999, 2047401165, 2115/165/0 1:1:1, Active
130999, 2047401165, 2115/165/0 1:1:1, Active
131999, 2047401165, 2115/165/0 1:1:1, Active
133000, 2047401165, 2115/165/0 1:1:1, Active
133999, 2047401165, 2115/165/0 1:1:1, Active
134999, 2047401165, 2115/165/0 1:1:1, Active
135998, 2047401165, 2115/165/0 1:1:1, Active
136999, 2047401165, 2115/165/0 1:1:1, Active
137999, 2047401165, 2115/165/0 1:1:1, Active
138999, 2047401165, 2115/165/0 1:1:1, Active
139999, 2047401165, 2115/165/0 1:1:1, Active
140999, 2047401165, 2115/165/0 1:1:1, Active
142000, 2047401165, 2115/165/0 1:1:1, Active
142998, 2047401165, 2115/165/0 1:1:1, Active
143998, 2047401165, 2115/165/0 1:1:1, Active
144999, 2047401165, 2115/165/0 1:1:1, Active
145999, 2047401165, 2115/165/0 1:1:1, Active
146998, 2047401165, 2115/165/0 1:1:1, Active
147999, 2047401165, 2115/165/0 1:1:1, Active
148999, 2047401165, 2115/165/0 1:1:1, Active
149999, 2047401165, 2115/165/0 1:1:1, Active
150999, 2047401165, 2115/165/0 1:1:1, Active
151999, 2047401165, 2115/165/0 1:1:1, Active
152999, 2047401165, 2115/165/0 1:1:1, Active
153999, 2047401165, 2115/165/0 1:1:1, Active
154999, 2047401165, 2115/165/0 1:1:1, Active
155999, 2047401165, 2115/165/0 1:1:1, Active
157000, 2047401165, 2115/165/0 1:1:1, Active
158000, 2047401165, 2115/165/0 1:1:1, Active
158999, 2047401165, 2115/165/0 1:1:1, Active
160000, 2047401165, 2115/165/0 1:1:1, Active
160999, 2047401165, 2115/165/0 1:1:1, Active
161999, 2047401165, 2115/165/0 1:1:1, Active
162999, 2047401165, 2115/165/0 1:1:1, Active
163999, 2047401165, 2115/165/0 1:1:1, Active
165000, 2047401165, 2115/165/0 1:1:1, Active
165999, 2047401165, 2115/165/0 1:1:1, Active
166999, 2047401165, 2115/165/0 1:1:1, Active
167999, 2047401165, 2115/165/0 1:1:1, Active
168999, 2047401165, 2115/165/0 1:1:1, Active
169999, 2047401165, 2115/165/0 1:1:1, Active
170999, 2047401165, 2115/165/0 1:1:1, Active
171999, 2047401165, 2115/165/0 1:1:1, Active
172999, 2047401165, 2115/165/0 1:1:1, Active
174000, 2047401165, 2115/165/0 1:1:1, Active
174999, 2047401165, 2115/165/0 1:1:1, Active
176000, 2047401165, 2115/165/0 1:1:1, Active
176999, 2047401165, 2115/165/0 1:1:1, Active
177999, 2047401165, 2115/165/0 1:1:1, Active
178999, 2047401165, 2115/165/0 1:1:1, Active
179999, 2047401165, 2115/165/0 1:1:1, Active
180998, 2047401165, 2115/165/0 1:1:1, Active
181999, 2047401165, 2115/165/0 1:1:1, Active
182999, 2047401165, 2115/165/0 1:1:1, Active
183999, 2047401165, 2115/165/0 1:1:1, Active
184999, 2047401165, 2115/165/0 1:1:1, Active
185999, 2047401165, 2115/165/0 1:1:1, Active
186999, 2047401165, 2115/165/0 1:1:1, Active
187999, 2047401165, 2115/165/0 1:1:1, Active
188999, 2047401165, 2115/165/0 1:1:1, Active
189999, 2047401165, 2115/165/0 1:1:1, Active
190999, 2047401165, 2115/165/0 1:1:1, Active
192000, 2047401165, 2115/165/0 1:1:1, Active
192999, 2047401165, 2115/165/0 1:1:1, Active
193999, 2047401165, 2115/165/0 1:1:1, Active
194999, 2047401165, 2115/165/0 1:1:1, Active
195999, 2047401165, 2115/165/0 1:1:1, Active
196999, 2047401165, 2115/165/0 1:1:1, Active
197999, 2047401165, 2115/165/0 1:1:1, Active
198999, 2047401165, 2115/165/0 1:1:1, Active
199999, 2047401165, 2115/165/0 1:1:1, Active
200999, 2047401165, 2115/165/0 1:1:1, Active
201999, 2047401165, 2115/165/0 1:1:1, Active
202998, 2047401165, 2115/165/0 1:1:1, Active
203999, 2047401165, 2115/165/0 1:1:1, Active
204999, 2047401165, 2115/165/0 1:1:1, Active
205999, 2047401165, 2115/165/0 1:1:1, Active
206999, 2047401165, 2115/165/0 1:1:1, Active
208000, 2047401165, 2115/165/0 1:1:1, Active
208999, 2047401165, 2115/165/0 1:1:1, Active
209999, 2047401165, 2115/165/0 1:1:1, Active
210999, 2047401165, 2115/165/0 1:1:1, Active
211999, 2047401165, 2115/165/0 1:1:1, Active
212999, 2047401165, 2115/165/0 1:1:1, Active
213999, 2047401165, 2115/165/0 1:1:1, Active
214999, 2047401165, 2115/165/0 1:1:1, Active
215999, 2047401165, 2115/165/0 1:1:1, Active
216999, 2047401165, 2115/165/0 1:1:1, Active
217999, 2047401165, 2115/165/0 1:1:1, Active
218998, 2047401165, 2115/165/0 1:1:1, Active
220000, 2047401165, 2115/165/0 1:1:1, Active
220999, 2047401165, 2115/165/0 1:1:1, Active
221999, 2047401165, 2115/165/0 1:1:1, Active
222999, 2047401165, 2115/165/0 1:1:1, Active
224000, 2047401165, 2115/165/0 1:1:1, Active
224999, 2047401165, 2115/165/0 1:1:1, Active
225999, 2047401165, 2115/165/0 1:1:1, Active
226999, 2047401165, 2115/165/0 1:1:1, Active
227999, 2047401165, 2115/165/0 1:1:1, Active
228999, 2047401165, 2115/165/0 1:1:1, Active
229999, 2047401165, 2115/165/0 1:1:1, Active
230999, 2047401165, 2115/165/0 1:1:1, Active
231999, 2047401165, 2115/165/0 1:1:1, Active
232999, 2047401165, 2115/165/0 1:1:1, Active
233999, 2047401165, 2115/165/0 1:1:1, Active
235000, 2047401165, 2115/165/0 1:1:1, Active
235999, 2047401165, 2115/165/0 1:1:1, Active
236999, 2047401165, 2115/165/0 1:1:1, Active
237999, 2047401165, 2115/165/0 1:1:1, Active
238999, 2047401165, 2115/165/0 1:1:1, Active
239998, 2047401165, 2115/165/0 1:1:1, Active
240999, 2047401165, 2115/165/0 1:1:1, Active
241999, 2047401165, 2115/165/0 1:1:1, Active
242999, 2047401165, 2115/165/0 1:1:1, Active
243999, 2047401165, 2115/165/0 1:1:1, Active
244999, 2047401165, 2115/165/0 1:1:1, Active
245999, 2047401165, 2115/165/0 1:1:1, Active
247000, 2047401165, 2115/165/0 1:1:1, Active
247999, 2047401165, 2115/165/0 1:1:1, Active
248999, 2047401165, 2115/165/0 1:1:1, Active
249999, 2047401165, 2115/165/0 1:1:1, Active
250999, 2047401165, 2115/165/0 1:1:1, Active
252000, 2047401165, 2115/165/0 1:1:1, Active
252999, 2047401165, 2115/165/0 1:1:1, Active
253999, 2047401165, 2115/165/0 1:1:1, Active
254999, 2047401165, 2115/165/0 1:1:1, Active
256000, 2047401165, 2115/165/0 1:1:1, Active
256999, 2047401165, 2115/165/0 1:1:1, Active
257999, 2047401165, 2115/165/0 1:1:1, Active
258999, 2047401165, 2115/165/0 1:1:1, Active
259999, 2047401165, 2115/165/0 1:1:1, Active
260999, 2047401165, 2115/165/0 1:1:1, Active
261999, 2047401165, 2115/165/0 1:1:1, Active
262999, 2047401165, 2115/165/0 1:1:1, Active
263999, 2047401165, 2115/165/0 1:1:1, Active
264999, 2047401165, 2115/165/0 1:1:1, Active
265999, 2047401165, 2115/165/0 1:1:1, Active
266999, 2047401165, 2115/165/0 1:1:1, Active
267999, 2047401165, 2115/165/0 1:1:1, Active
268999, 2047401165, 2115/165/0 1:1:1, Active
269999, 2047401165, 2115/165/0 1:1:1, Active
270999, 2047401165, 2115/165/0 1:1:1, Active
272000, 2047401165, 2115/165/0 1:1:1, Active
272999, 2047401165, 2115/165/0 1:1:1, Active
273999, 2047401165, 2115/165/0 1:1:1, Active
274999, 2047401165, 2115/165/0 1:1:1, Active
275999, 2047401165, 2115/165/0 1:1:1, Active
276999, 2047401165, 2115/165/0 1:1:1, Active
277999, 2047401165, 2115/165/0 1:1:1, Active
278999, 2047401165, 2115/165/0 1:1:1, Active
279999, 2047401165, 2115/165/0 1:1:1, Active
280999, 2047401165, 2115/165/0 1:1:1, Active
281999, 2047401165, 2115/165/0 1:1:1, Active
282999, 2047401165, 2115/165/0 1:1:1, Inactive
283999, 2047401165, 2115/165/0 1:1:1, Inactive
284999, 2047401165, 2115/165/0 1:1:1, Inactive
286000, 2047401165, 2115/165/0 1:1:1, Inactive
286999, 2047401165, 2115/165/0 1:1:1, Inactive
288000, 2047401165, 2115/165/0 1:1:1, Inactive
288999, 2047401165, 2115/165/0 1:1:1, Inactive
289999, 2047401165, 2115/165/0 1:1:1, Inactive
290999, 2047401165, 2115/165/0 1:1:1, Inactive
291999, 2047401165, 2115/165/0 1:1:1, Inactive
292999, 2047401165, 2115/165/0 1:1:1, Active
293999, 2047401165, 2115/165/0 1:1:1, Active
295000, 2047401165, 2115/165/0 1:1:1, Active
295999, 2047401165, 2115/165/0 1:1:1, Active
296999, 2047401165, 2115/165/0 1:1:1, Active
297999, 2047401165, 2115/165/0 1:1:1, Active
298999, 2047401165, 2115/165/0 1:1:1, Active
299999, 2047401165, 2115/165/0 1:1:1, Active
300999, 2047401165, 2115/165/0 1:1:1, Active
302000, 2047401165, 2115/165/0 1:1:1, Inactive
302999, 2047401165, 2115/165/0 1:1:1, Active
304000, 2047401165, 2115/165/0 1:1:1, Active
304999, 2047401165, 2115/165/0 1:1:1, Active
305999, 2047401165, 2115/165/0 1:1:1, Active
306999, 2047401165, 2115/165/0 1:1:1, Inactive
307999, 2047401165, 2115/165/0 1:1:1, Inactive
309000, 2047401165, 2115/165/0 1:1:1, Inactive
309999, 2047401165, 2115/165/0 1:1:1, Inactive
310999, 2047401165, 2115/165/0 1:1:1, Inactive
311999, 2047401165, 2115/165/0 1:1:1, Inactive
312999, 2047401165, 2115/165/0 1:1:1, Inactive
313999, 2047401165, 2115/165/0 1:1:1, Inactive
314999, 2047401165, 2115/165/0 1:1:1, Inactive
315999, 2047401165, 2115/165/0 1:1:1, Inactive
316999, 2047401165, 2115/165/0 1:1:1, Inactive
317999, 2047401165, 2115/165/0 1:1:1, Inactive
318999, 2047401165, 2115/165/0 1:1:1, Inactive
320000, 2047401165, 2115/165/0 1:1:1, Inactive
320999, 2047401165, 2115/165/0 1:1:1, Inactive
321999, 2047401165, 2115/165/0 1:1:1, Inactive
322999, 2047401165, 2115/165/0 1:1:1, Inactive
323999, 2047401165, 2115/165/0 1:1:1, Inactive
324999, 2047401165, 2115/165/0 1:1:1, Inactive
325999, 2047401165, 2115/165/0 1:1:1, Inactive
327000, 2047401165, 2115/165/0 1:1:1, Inactive
327999, 2047401165, 2115/165/0 1:1:1, Inactive
328999, 2047401165, 2115/165/0 1:1:1, Inactive
329999, 2047401165, 2115/165/0 1:1:1, Active
330999, 2047401165, 2115/165/0 1:1:1, Active
331999, 2047401165, 2115/165/0 1:1:1, Inactive
332999, 2047401165, 2115/165/0 1:1:1, Inactive
334000, 2047401165, 2115/165/0 1:1:1, Inactive
334999, 2047401165, 2115/165/0 1:1:1, Inactive
336000, 2047401165, 2115/165/0 1:1:1, Active
336999, 2047401165, 2115/165/0 1:1:1, Active
337999, 2047401165, 2115/165/0 1:1:1, Active
338999, 2047401165, 2115/165/0 1:1:1, Active
339999, 2047401165, 2115/165/0 1:1:1, Active
340999, 2047401165, 2115/165/0 1:1:1, Active
341999, 2047401165, 2115/165/0 1:1:1, Active
343000, 2047401165, 2115/165/0 1:1:1, Inactive
343999, 2047401165, 2115/165/0 1:1:1, Inactive
344999, 2047401165, 2115/165/0 1:1:1, Inactive
345999, 2047401165, 2115/165/0 1:1:1, Inactive
346999, 2047401165, 2115/165/0 1:1:1, Inactive
347999, 2047401165, 2115/165/0 1:1:1, Inactive
348999, 2047401165, 2115/165/0 1:1:1, Inactive
349999, 2047401165, 2115/165/0 1:1:1, Inactive
350999, 2047401165, 2115/165/0 1:1:1, Inactive
352000, 2047401165, 2115/165/0 1:1:1, Inactive
352999, 2047401165, 2115/165/0 1:1:1, Inactive
353999, 2047401165, 2115/165/0 1:1:1, Active
354999, 2047401165, 2115/165/0 1:1:1, Active
355999, 2047401165, 2115/165/0 1:1:1, Active
356999, 2047401165, 2115/165/0 1:1:1, Active
357999, 2047401165, 2115/165/0 1:1:1, Active
359000, 2047401165, 2115/165/0 1:1:1, Active
359998, 2047401165, 2115/165/0 1:1:1, Active
360999, 2047401165, 2115/165/0 1:1:1, Inactive
361999, 2047401165, 2115/165/0 1:1:1, Inactive
362999, 2047401165, 2115/165/0 1:1:1, Inactive
364000, 2047401165, 2115/165/0 1:1:1, Inactive
364999, 2047401165, 2115/165/0 1:1:1, Inactive
365999, 2047401165, 2115/165/0 1:1:1, Inactive
366999, 2047401165, 2115/165/0 1:1:1, Inactive
368000, 2047401165, 2115/165/0 1:1:1, Inactive
368999, 2047401165, 2115/165/0 1:1:1, Inactive
369999, 2047401165, 2115/165/0 1:1:1, Inactive
370998, 2047401165, 2115/165/0 1:1:1, Inactive
371999, 2047401165, 2115/165/0 1:1:1, Inactive
372999, 2047401165, 2115/165/0 1:1:1, Active
373999, 2047401165, 2115/165/0 1:1:1, Active
375000, 2047401165, 2115/165/0 1:1:1, Active
375999, 2047401165, 2115/165/0 1:1:1, Active
376998, 2047401165, 2115/165/0 1:1:1, Active
377999, 2047401165, 2115/165/0 1:1:1, Active
378999, 2047401165, 2115/165/0 1:1:1, Active
379999, 2047401165, 2115/165/0 1:1:1, Inactive
380999, 2047401165, 2115/165/0 1:1:1, Inactive
381999, 2047401165, 2115/165/0 1:1:1, Inactive
382999, 2047401165, 2115/165/0 1:1:1, Inactive
384000, 2047401165, 2115/165/0 1:1:1, Inactive
384999, 2047401165, 2115/165/0 1:1:1, Inactive
385999, 2047401165, 2115/165/0 1:1:1, Inactive
386999, 2047401165, 2115/165/0 1:1:1, Inactive
387999, 2047401165, 2115/165/0 1:1:1, Inactive
389000, 2047401165, 2115/165/0 1:1:1, Inactive
389999, 2047401165, 2115/165/0 1:1:1, Inactive
390999, 2047401165, 2115/165/0 1:1:1, Inactive
391999, 2047401165, 2115/165/0 1:1:1, Active
392999, 2047401165, 2115/165/0 1:1:1, Active
393999, 2047401165, 2115/165/0 1:1:1, Active
394999, 2047401165, 2115/165/0 1:1:1, Active
396000, 2047401165, 2115/165/0 1:1:1, Active
396999, 2047401165, 2115/165/0 1:1:1, Active
397999, 2047401165, 2115/165/0 1:1:1, Active
398999, 2047401165, 2115/165/0 1:1:1, Inactive
400000, 2047401165, 2115/165/0 1:1:1, Inactive
400998, 2047401165, 2115/165/0 1:1:1, Inactive
401999, 2047401165, 2115/165/0 1:1:1, Inactive
402999, 2047401165, 2115/165/0 1:1:1, Inactive
403999, 2047401165, 2115/165/0 1:1:1, Inactive
405000, 2047401165, 2115/165/0 1:1:1, Inactive
405999, 2047401165, 2115/165/0 1:1:1, Inactive
406999, 2047401165, 2115/165/0 1:1:1, Inactive
407999, 2047401165, 2115/165/0 1:1:1, Inactive
409000, 2047401165, 2115/165/0 1:1:1, Inactive
409999, 2047401165, 2115/165/0 1:1:1, Inactive
410999, 2047401165, 2115/165/0 1:1:1, Active
411999, 2047401165, 2115/165/0 1:1:1, Active
412999, 2047401165, 2115/165/0 1:1:1, Active
413999, 2047401165, 2115/165/0 1:1:1, Active
414999, 2047401165, 2115/165/0 1:1:1, Active
416000, 2047401165, 2115/165/0 1:1:1, Active
416999, 2047401165, 2115/165/0 1:1:1, Active
417999, 2047401165, 2115/165/0 1:1:1, Active
418999, 2047401165, 2115/165/0 1:1:1, Inactive
420000, 2047401165, 2115/165/0 1:1:1, Inactive
421000, 2047401165, 2115/165/0 1:1:1, Inactive
421999, 2047401165, 2115/165/0 1:1:1, Inactive
422999, 2047401165, 2115/165/0 1:1:1, Inactive
423999, 2047401165, 2115/165/0 1:1:1, Inactive
424998, 2047401165, 2115/165/0 1:1:1, Inactive
425999, 2047401165, 2115/165/0 1:1:1, Inactive
426999, 2047401165, 2115/165/0 1:1:1, Inactive
427999, 2047401165, 2115/165/0 1:1:1, Inactive
428999, 2047401165, 2115/165/0 1:1:1, Inactive
429999, 2047401165, 2115/165/0 1:1:1, Inactive
430999, 2047401165, 2115/165/0 1:1:1, Active
432000, 2047401165, 2115/165/0 1:1:1, Active
432999, 2047401165, 2115/165/0 1:1:1, Active
433999, 2047401165, 2115/165/0 1:1:1, Active
434999, 2047401165, 2115/165/0 1:1:1, Active
435999, 2047401165, 2115/165/0 1:1:1, Active
437000, 2047401165, 2115/165/0 1:1:1, Active
437999, 2047401165, 2115/165/0 1:1:1, Inactive
438999, 2047401165, 2115/165/0 1:1:1, Inactive
439999, 2047401165, 2115/165/0 1:1:1, Inactive
440999, 2047401165, 2115/165/0 1:1:1, Inactive
441999, 2047401165, 2115/165/0 1:1:1, Inactive
442999, 2047401165, 2115/165/0 1:1:1, Inactive
443999, 2047401165, 2115/165/0 1:1:1, Inactive
444999, 2047401165, 2115/165/0 1:1:1, Inactive
445999, 2047401165, 2115/165/0 1:1:1, Inactive
446999, 2047401165, 2115/165/0 1:1:1, Inactive
448000, 2047401165, 2115/165/0 1:1:1, Inactive
448999, 2047401165, 2115/165/0 1:1:1, Inactive
449999, 2047401165, 2115/165/0 1:1:1, Active
450999, 2047401165, 2115/165/0 1:1:1, Active
451999, 2047401165, 2115/165/0 1:1:1, Active
452999, 2047401165, 2115/165/0 1:1:1, Active
453999, 2047401165, 2115/165/0 1:1:1, Active
455000, 2047401165, 2115/165/0 1:1:1, Active
455999, 2047401165, 2115/165/0 1:1:1, Active
456999, 2047401165, 2115/165/0 1:1:1, Inactive
457999, 2047401165, 2115/165/0 1:1:1, Inactive
458999, 2047401165, 2115/165/0 1:1:1, Inactive
459999, 2047401165, 2115/165/0 1:1:1, Inactive
460999, 2047401165, 2115/165/0 1:1:1, Inactive
461999, 2047401165, 2115/165/0 1:1:1, Inactive
462999, 2047401165, 2115/165/0 1:1:1, Inactive
463998, 2047401165, 2115/165/0 1:1:1, Inactive
464999, 2047401165, 2115/165/0 1:1:1, Inactive
465999, 2047401165, 2115/165/0 1:1:1, Inactive
466999, 2047401165, 2115/165/0 1:1:1, Inactive
467999, 2047401165, 2115/165/0 1:1:1, Inactive
469000, 2047401165, 2115/165/0 1:1:1, Inactive
469999, 2047401165, 2115/165/0 1:1:1, Active
470999, 2047401165, 2115/165/0 1:1:1, Active
471999, 2047401165, 2115/165/0 1:1:1, Active
472999, 2047401165, 2115/165/0 1:1:1, Active
473999, 2047401165, 2115/165/0 1:1:1, Active
474999, 2047401165, 2115/165/0 1:1:1, Active
476000, 2047401165, 2115/165/0 1:1:1, Active
476999, 2047401165, 2115/165/0 1:1:1, Inactive
477999, 2047401165, 2115/165/0 1:1:1, Inactive
478999, 2047401165, 2115/165/0 1:1:1, Inactive
480000, 2047401165, 2115/165/0 1:1:1, Inactive
480999, 2047401165, 2115/165/0 1:1:1, Inactive
481999, 2047401165, 2115/165/0 1:1:1, Inactive
482999, 2047401165, 2115/165/0 1:1:1, Inactive
483999, 2047401165, 2115/165/0 1:1:1, Inactive
484999, 2047401165, 2115/165/0 1:1:1, Inactive
485999, 2047401165, 2115/165/0 1:1:1, Inactive
487000, 2047401165, 2115/165/0 1:1:1, Inactive
487999, 2047401165, 2115/165/0 1:1:1, Inactive
488999, 2047401165, 2115/165/0 1:1:1, Inactive
489999, 2047401165, 2115/165/0 1:1:1, Active
490999, 2047401165, 2115/165/0 1:1:1, Active
491999, 2047401165, 2115/165/0 1:1:1, Active
492999, 2047401165, 2115/165/0 1:1:1, Active
493999, 2047401165, 2115/165/0 1:1:1, Active
494999, 2047401165, 2115/165/0 1:1:1, Active
495998, 2047401165, 2115/165/0 1:1:1, Active
496999, 2047401165, 2115/165/0 1:1:1, Inactive
497999, 2047401165, 2115/165/0 1:1:1, Inactive
498999, 2047401165, 2115/165/0 1:1:1, Inactive
499999, 2047401165, 2115/165/0 1:1:1, Inactive
500999, 2047401165, 2115/165/0 1:1:1, Inactive
501999, 2047401165, 2115/165/0 1:1:1, Inactive
502999, 2047401165, 2115/165/0 1:1:1, Inactive
503999, 2047401165, 2115/165/0 1:1:1, Inactive
504999, 2047401165, 2115/165/0 1:1:1, Inactive
505999, 2047401165, 2115/165/0 1:1:1, Inactive
506999, 2047401165, 2115/165/0 1:1:1, Inactive
508000, 2047401165, 2115/165/0 1:1:1, Inactive
508999, 2047401165, 2115/165/0 1:1:1, Inactive
509999, 2047401165, 2115/165/0 1:1:1, Active
510999, 2047401165, 2115/165/0 1:1:1, Active
512000, 2047401165, 2115/165/0 1:1:1, Active
512999, 2047401165, 2115/165/0 1:1:1, Active
513999, 2047401165, 2115/165/0 1:1:1, Active
514999, 2047401165, 2115/165/0 1:1:1, Active
515999, 2047401165, 2115/165/0 1:1:1, Active
517000, 2047401165, 2115/165/0 1:1:1, Inactive
517999, 2047401165, 2115/165/0 1:1:1, Inactive
519000, 2047401165, 2115/165/0 1:1:1, Inactive
519999, 2047401165, 2115/165/0 1:1:1, Inactive
520999, 2047401165, 2115/165/0 1:1:1, Inactive
521999, 2047401165, 2115/165/0 1:1:1, Inactive
522999, 2047401165, 2115/165/0 1:1:1, Inactive
523999, 2047401165, 2115/165/0 1:1:1, Inactive
524999, 2047401165, 2115/165/0 1:1:1, Inactive
526000, 2047401165, 2115/165/0 1:1:1, Inactive
526999, 2047401165, 2115/165/0 1:1:1, Inactive
528000, 2047401165, 2115/165/0 1:1:1, Inactive
528999, 2047401165, 2115/165/0 1:1:1, Inactive
529999, 2047401165, 2115/165/0 1:1:1, Active
530999, 2047401165, 2115/165/0 1:1:1, Active
531999, 2047401165, 2115/165/0 1:1:1, Active
532999, 2047401165, 2115/165/0 1:1:1, Active
533999, 2047401165, 2115/165/0 1:1:1, Active
535000, 2047401165, 2115/165/0 1:1:1, Active
535999, 2047401165, 2115/165/0 1:1:1, Active
536999, 2047401165, 2115/165/0 1:1:1, Inactive
537999, 2047401165, 2115/165/0 1:1:1, Inactive
538999, 2047401165, 2115/165/0 1:1:1, Inactive
539999, 2047401165, 2115/165/0 1:1:1, Inactive
540998, 2047401165, 2115/165/0 1:1:1, Inactive
542000, 2047401165, 2115/165/0 1:1:1, Inactive
542999, 2047401165, 2115/165/0 1:1:1, Inactive
544000, 2047401165, 2115/165/0 1:1:1, Inactive
544999, 2047401165, 2115/165/0 1:1:1, Inactive
545999, 2047401165, 2115/165/0 1:1:1, Inactive
546999, 2047401165, 2115/165/0 1:1:1, Inactive
547999, 2047401165, 2115/165/0 1:1:1, Inactive
549000, 2047401165, 2115/165/0 1:1:1, Inactive
549999, 2047401165, 2115/165/0 1:1:1, Active
551000, 2047401165, 2115/165/0 1:1:1, Active
551999, 2047401165, 2115/165/0 1:1:1, Active
552999, 2047401165, 2115/165/0 1:1:1, Active
553999, 2047401165, 2115/165/0 1:1:1, Active
554999, 2047401165, 2115/165/0 1:1:1, Active
555999, 2047401165, 2115/165/0 1:1:1, Active
556999, 2047401165, 2115/165/0 1:1:1, Inactive
558000, 2047401165, 2115/165/0 1:1:1, Inactive
558999, 2047401165, 2115/165/0 1:1:1, Inactive
560000, 2047401165, 2115/165/0 1:1:1, Inactive
560999, 2047401165, 2115/165/0 1:1:1, Inactive
561999, 2047401165, 2115/165/0 1:1:1, Inactive
562999, 2047401165, 2115/165/0 1:1:1, Inactive
563999, 2047401165, 2115/165/0 1:1:1, Inactive
564999, 2047401165, 2115/165/0 1:1:1, Inactive
565999, 2047401165, 2115/165/0 1:1:1, Inactive
566999, 2047401165, 2115/165/0 1:1:1, Inactive
567999, 2047401165, 2115/165/0 1:1:1, Inactive
568999, 2047401165, 2115/165/0 1:1:1, Inactive
569999, 2047401165, 2115/165/0 1:1:1, Inactive
570999, 2047401165, 2115/165/0 1:1:1, Inactive
571999, 2047401165, 2115/165/0 1:1:1, Inactive
572998, 2047401165, 2115/165/0 1:1:1, Inactive
574000, 2047401165, 2115/165/0 1:1:1, Active
574999, 2047401165, 2115/165/0 1:1:1, Active
576000, 2047401165, 2115/165/0 1:1:1, Active
576999, 2047401165, 2115/165/0 1:1:1, Active
577999, 2047401165, 2115/165/0 1:1:1, Active
578999, 2047401165, 2115/165/0 1:1:1, Active
579999, 2047401165, 2115/165/0 1:1:1, Active
581000, 2047401165, 2115/165/0 1:1:1, Inactive
581999, 2047401165, 2115/165/0 1:1:1, Inactive
582999, 2047401165, 2115/165/0 1:1:1, Inactive
583999, 2047401165, 2115/165/0 1:1:1, Inactive
584999, 2047401165, 2115/165/0 1:1:1, Inactive
585999, 2047401165, 2115/165/0 1:1:1, Inactive
586999, 2047401165, 2115/165/0 1:1:1, Inactive
587999, 2047401165, 2115/165/0 1:1:1, Inactive
588999, 2047401165, 2115/165/0 1:1:1, Inactive
590000, 2047401165, 2115/165/0 1:1:1, Inactive
590999, 2047401165, 2115/165/0 1:1:1, Inactive
592000, 2047401165, 2115/165/0 1:1:1, Inactive
592999, 2047401165, 2115/165/0 1:1:1, Inactive
593999, 2047401165, 2115/165/0 1:1:1, Inactive
594999, 2047401165, 2115/165/0 1:1:1, Active
595999, 2047401165, 2115/165/0 1:1:1, Active
596999, 2047401165, 2115/165/0 1:1:1, Active
597999, 2047401165, 2115/165/0 1:1:1, Active
599000, 2047401165, 2115/165/0 1:1:1, Active
599999, 2047401165, 2115/165/0 1:1:1, Active
600999, 2047401165, 2115/165/0 1:1:1, Active
601999, 2047401165, 2115/165/0 1:1:1, Inactive
602999, 2047401165, 2115/165/0 1:1:1, Inactive
603999, 2047401165, 2115/165/0 1:1:1, Inactive
604999, 2047401165, 2115/165/0 1:1:1, Inactive
605999, 2047401165, 2115/165/0 1:1:1, Inactive
606999, 2047401165, 2115/165/0 1:1:1, Inactive
608000, 2047401165, 2115/165/0 1:1:1, Inactive
608999, 2047401165, 2115/165/0 1:1:1, Inactive
609999, 2047401165, 2115/165/0 1:1:1, Inactive
610999, 2047401165, 2115/165/0 1:1:1, Inactive
611999, 2047401165, 2115/165/0 1:1:1, Inactive
612999, 2047401165, 2115/165/0 1:1:1, Inactive
613999, 2047401165, 2115/165/0 1:1:1, Inactive
614999, 2047401165, 2115/165/0 1:1:1, Active
615999, 2047401165, 2115/165/0 1:1:1, Active
616999, 2047401165, 2115/165/0 1:1:1, Active
617999, 2047401165, 2115/165/0 1:1:1, Active
618999, 2047401165, 2115/165/0 1:1:1, Active
620000, 2047401165, 2115/165/0 1:1:1, Active
620999, 2047401165, 2115/165/0 1:1:1, Active
621999, 2047401165, 2115/165/0 1:1:1, Inactive
622999, 2047401165, 2115/165/0 1:1:1, Inactive
624000, 2047401165, 2115/165/0 1:1:1, Inactive
624999, 2047401165, 2115/165/0 1:1:1, Inactive
625999, 2047401165, 2115/165/0 1:1:1, Inactive
626999, 2047401165, 2115/165/0 1:1:1, Inactive
627999, 2047401165, 2115/165/0 1:1:1, Inactive
628999, 2047401165, 2115/165/0 1:1:1, Inactive
629999, 2047401165, 2115/165/0 1:1:1, Inactive
630999, 2047401165, 2115/165/0 1:1:1, Inactive
631999, 2047401165, 2115/165/0 1:1:1, Inactive
632999, 2047401165, 2115/165/0 1:1:1, Inactive
633999, 2047401165, 2115/165/0 1:1:1, Inactive
634999, 2047401165, 2115/165/0 1:1:1, Inactive
635999, 2047401165, 2115/165/0 1:1:1, Active
636999, 2047401165, 2115/165/0 1:1:1, Active
638000, 2047401165, 2115/165/0 1:1:1, Active
638999, 2047401165, 2115/165/0 1:1:1, Active
640000, 2047401165, 2115/165/0 1:1:1, Active
640999, 2047401165, 2115/165/0 1:1:1, Active
641999, 2047401165, 2115/165/0 1:1:1, Active
642999, 2047401165, 2115/165/0 1:1:1, Inactive
643999, 2047401165, 2115/165/0 1:1:1, Inactive
645000, 2047401165, 2115/165/0 1:1:1, Inactive
645999, 2047401165, 2115/165/0 1:1:1, Inactive
646999, 2047401165, 2115/165/0 1:1:1, Inactive
647999, 2047401165, 2115/165/0 1:1:1, Inactive
648999, 2047401165, 2115/165/0 1:1:1, Inactive
649999, 2047401165, 2115/165/0 1:1:1, Inactive
650999, 2047401165, 2115/165/0 1:1:1, Inactive
651999, 2047401165, 2115/165/0 1:1:1, Inactive
652999, 2047401165, 2115/165/0 1:1:1, Inactive
653999, 2047401165, 2115/165/0 1:1:1, Inactive
654999, 2047401165, 2115/165/0 1:1:1, Inactive
656000, 2047401165, 2115/165/0 1:1:1, Active
656999, 2047401165, 2115/165/0 1:1:1, Active
657999, 2047401165, 2115/165/0 1:1:1, Active
658999, 2047401165, 2115/165/0 1:1:1, Active
659999, 2047401165, 2115/165/0 1:1:1, Active
660999, 2047401165, 2115/165/0 1:1:1, Active
661999, 2047401165, 2115/165/0 1:1:1, Active
662999, 2047401165, 2115/165/0 1:1:1, Inactive
663999, 2047401165, 2115/165/0 1:1:1, Inactive
664999, 2047401165, 2115/165/0 1:1:1, Inactive
665999, 2047401165, 2115/165/0 1:1:1, Inactive
666999, 2047401165, 2115/165/0 1:1:1, Inactive
667999, 2047401165, 2115/165/0 1:1:1, Inactive
668999, 2047401165, 2115/165/0 1:1:1, Inactive
669999, 2047401165, 2115/165/0 1:1:1, Inactive
670999, 2047401165, 2115/165/0 1:1:1, Inactive
672000, 2047401165, 2115/165/0 1:1:1, Inactive
672999, 2047401165, 2115/165/0 1:1:1, Inactive
673999, 2047401165, 2115/165/0 1:1:1, Inactive
674999, 2047401165, 2115/165/0 1:1:1, Inactive
675999, 2047401165, 2115/165/0 1:1:1, Inactive
676999, 2047401165, 2115/165/0 1:1:1, Active
677999, 2047401165, 2115/165/0 1:1:1, Active
679000, 2047401165, 2115/165/0 1:1:1, Active
679999, 2047401165, 2115/165/0 1:1:1, Active
680998, 2047401165, 2115/165/0 1:1:1, Active
681999, 2047401165, 2115/165/0 1:1:1, Active
682999, 2047401165, 2115/165/0 1:1:1, Active
683999, 2047401165, 2115/165/0 1:1:1, Inactive
684999, 2047401165, 2115/165/0 1:1:1, Inactive
685999, 2047401165, 2115/165/0 1:1:1, Inactive
686999, 2047401165, 2115/165/0 1:1:1, Inactive
688000, 2047401165, 2115/165/0 1:1:1, Inactive
688999, 2047401165, 2115/165/0 1:1:1, Inactive
689999, 2047401165, 2115/165/0 1:1:1, Inactive
690999, 2047401165, 2115/165/0 1:1:1, Inactive
691999, 2047401165, 2115/165/0 1:1:1, Inactive
693000, 2047401165, 2115/165/0 1:1:1, Inactive
693999, 2047401165, 2115/165/0 1:1:1, Inactive
695000, 2047401165, 2115/165/0 1:1:1, Inactive
695999, 2047401165, 2115/165/0 1:1:1, Inactive
696999, 2047401165, 2115/165/0 1:1:1, Active
697999, 2047401165, 2115/165/0 1:1:1, Active
698999, 2047401165, 2115/165/0 1:1:1, Active
700000, 2047401165, 2115/165/0 1:1:1, Active
700999, 2047401165, 2115/165/0 1:1:1, Active
701999, 2047401165, 2115/165/0 1:1:1, Active
702999, 2047401165, 2115/165/0 1:1:1, Active
704000, 2047401165, 2115/165/0 1:1:1, Active
704999, 2047401165, 2115/165/0 1:1:1, Inactive
705999, 2047401165, 2115/165/0 1:1:1, Inactive
706999, 2047401165, 2115/165/0 1:1:1, Inactive
707999, 2047401165, 2115/165/0 1:1:1, Inactive
709000, 2047401165, 2115/165/0 1:1:1, Inactive
709999, 2047401165, 2115/165/0 1:1:1, Inactive
710999, 2047401165, 2115/165/0 1:1:1, Inactive
711999, 2047401165, 2115/165/0 1:1:1, Inactive
712999, 2047401165, 2115/165/0 1:1:1, Inactive
713999, 2047401165, 2115/165/0 1:1:1, Inactive
714999, 2047401165, 2115/165/0 1:1:1, Inactive
716000, 2047401165, 2115/165/0 1:1:1, Inactive
716998, 2047401165, 2115/165/0 1:1:1, Inactive
717999, 2047401165, 2115/165/0 1:1:1, Active
718999, 2047401165, 2115/165/0 1:1:1, Active
720000, 2047401165, 2115/165/0 1:1:1, Active
720999, 2047401165, 2115/165/0 1:1:1, Active
721999, 2047401165, 2115/165/0 1:1:1, Active
722999, 2047401165, 2115/165/0 1:1:1, Active
723999, 2047401165, 2115/165/0 1:1:1, Active
724999, 2047401165, 2115/165/0 1:1:1, Inactive
725999, 2047401165, 2115/165/0 1:1:1, Inactive
726999, 2047401165, 2115/165/0 1:1:1, Inactive
727999, 2047401165, 2115/165/0 1:1:1, Inactive
728999, 2047401165, 2115/165/0 1:1:1, Inactive
729999, 2047401165, 2115/165/0 1:1:1, Inactive
730999, 2047401165, 2115/165/0 1:1:1, Inactive
731999, 2047401165, 2115/165/0 1:1:1, Inactive
732999, 2047401165, 2115/165/0 1:1:1, Inactive
733999, 2047401165, 2115/165/0 1:1:1, Inactive
734999, 2047401165, 2115/165/0 1:1:1, Inactive
736000, 2047401165, 2115/165/0 1:1:1, Inactive
736999, 2047401165, 2115/165/0 1:1:1, Inactive
737999, 2047401165, 2115/165/0 1:1:1, Inactive
738999, 2047401165, 2115/165/0 1:1:1, Active
739999, 2047401165, 2115/165/0 1:1:1, Active
741000, 2047401165, 2115/165/0 1:1:1, Active
741998, 2047401165, 2115/165/0 1:1:1, Active
742999, 2047401165, 2115/165/0 1:1:1, Active
743999, 2047401165, 2115/165/0 1:1:1, Active
744999, 2047401165, 2115/165/0 1:1:1, Active
745998, 2047401165, 2115/165/0 1:1:1, Inactive
746999, 2047401165, 2115/165/0 1:1:1, Inactive
747999, 2047401165, 2115/165/0 1:1:1, Inactive
748999, 2047401165, 2115/165/0 1:1:1, Inactive
750000, 2047401165, 2115/165/0 1:1:1, Inactive
750999, 2047401165, 2115/165/0 1:1:1, Inactive
752000, 2047401165, 2115/165/0 1:1:1, Inactive
752999, 2047401165, 2115/165/0 1:1:1, Inactive
753999, 2047401165, 2115/165/0 1:1:1, Inactive
754999, 2047401165, 2115/165/0 1:1:1, Inactive
755999, 2047401165, 2115/165/0 1:1:1, Inactive
756999, 2047401165, 2115/165/0 1:1:1, Inactive
757999, 2047401165, 2115/165/0 1:1:1, Inactive
759000, 2047401165, 2115/165/0 1:1:1, Inactive
759999, 2047401165, 2115/165/0 1:1:1, Active
760999, 2047401165, 2115/165/0 1:1:1, Active
761999, 2047401165, 2115/165/0 1:1:1, Active
762999, 2047401165, 2115/165/0 1:1:1, Active
763999, 2047401165, 2115/165/0 1:1:1, Active
764999, 2047401165, 2115/165/0 1:1:1, Active
765998, 2047401165, 2115/165/0 1:1:1, Active
766999, 2047401165, 2115/165/0 1:1:1, Inactive
767998, 2047401165, 2115/165/0 1:1:1, Inactive
768999, 2047401165, 2115/165/0 1:1:1, Inactive
769999, 2047401165, 2115/165/0 1:1:1, Inactive
770998, 2047401165, 2115/165/0 1:1:1, Inactive
771999, 2047401165, 2115/165/0 1:1:1, Inactive
772999, 2047401165, 2115/165/0 1:1:1, Inactive
773999, 2047401165, 2115/165/0 1:1:1, Inactive
775000, 2047401165, 2115/165/0 1:1:1, Inactive
775999, 2047401165, 2115/165/0 1:1:1, Inactive
777000, 2047401165, 2115/165/0 1:1:1, Inactive
777999, 2047401165, 2115/165/0 1:1:1, Inactive
778999, 2047401165, 2115/165/0 1:1:1, Inactive
779999, 2047401165, 2115/165/0 1:1:1, Active
780999, 2047401165, 2115/165/0 1:1:1, Active
781999, 2047401165, 2115/165/0 1:1:1, Active
782999, 2047401165, 2115/165/0 1:1:1, Active
784000, 2047401165, 2115/165/0 1:1:1, Active
784999, 2047401165, 2115/165/0 1:1:1, Active
785999, 2047401165, 2115/165/0 1:1:1, Active
786999, 2047401165, 2115/165/0 1:1:1, Active
788000, 2047401165, 2115/165/0 1:1:1, Inactive
789000, 2047401165, 2115/165/0 1:1:1, Inactive
789999, 2047401165, 2115/165/0 1:1:1, Inactive
790999, 2047401165, 2115/165/0 1:1:1, Inactive
791999, 2047401165, 2115/165/0 1:1:1, Inactive
792999, 2047401165, 2115/165/0 1:1:1, Inactive
793999, 2047401165, 2115/165/0 1:1:1, Inactive
794999, 2047401165, 2115/165/0 1:1:1, Inactive
795999, 2047401165, 2115/165/0 1:1:1, Inactive
796999, 2047401165, 2115/165/0 1:1:1, Inactive
797999, 2047401165, 2115/165/0 1:1:1, Inactive
798999, 2047401165, 2115/165/0 1:1:1, Inactive
800000, 2047401165, 2115/165/0 1:1:1, Inactive
800998, 2047401165, 2115/165/0 1:1:1, Active
801999, 2047401165, 2115/165/0 1:1:1, Active
802999, 2047401165, 2115/165/0 1:1:1, Active
803999, 2047401165, 2115/165/0 1:1:1, Active
805000, 2047401165, 2115/165/0 1:1:1, Active
805999, 2047401165, 2115/165/0 1:1:1, Active
806999, 2047401165, 2115/165/0 1:1:1, Active
807999, 2047401165, 2115/165/0 1:1:1, Inactive
808999, 2047401165, 2115/165/0 1:1:1, Inactive
809999, 2047401165, 2115/165/0 1:1:1, Inactive
810999, 2047401165, 2115/165/0 1:1:1, Inactive
811999, 2047401165, 2115/165/0 1:1:1, Inactive
812999, 2047401165, 2115/165/0 1:1:1, Inactive
813999, 2047401165, 2115/165/0 1:1:1, Inactive
814999, 2047401165, 2115/165/0 1:1:1, Inactive
816000, 2047401165, 2115/165/0 1:1:1, Inactive
816999, 2047401165, 2115/165/0 1:1:1, Inactive
817999, 2047401165, 2115/165/0 1:1:1, Inactive
818999, 2047401165, 2115/165/0 1:1:1, Inactive
819999, 2047401165, 2115/165/0 1:1:1, Inactive
820999, 2047401165, 2115/165/0 1:1:1, Inactive
821999, 2047401165, 2115/165/0 1:1:1, Active
823000, 2047401165, 2115/165/0 1:1:1, Active
823999, 2047401165, 2115/165/0 1:1:1, Active
824999, 2047401165, 2115/165/0 1:1:1, Active
825999, 2047401165, 2115/165/0 1:1:1, Active
826999, 2047401165, 2115/165/0 1:1:1, Active
827999, 2047401165, 2115/165/0 1:1:1, Active
828999, 2047401165, 2115/165/0 1:1:1, Inactive
829999, 2047401165, 2115/165/0 1:1:1, Inactive
830999, 2047401165, 2115/165/0 1:1:1, Inactive
831998, 2047401165, 2115/165/0 1:1:1, Inactive
832999, 2047401165, 2115/165/0 1:1:1, Inactive
833999, 2047401165, 2115/165/0 1:1:1, Inactive
834999, 2047401165, 2115/165/0 1:1:1, Inactive
835999, 2047401165, 2115/165/0 1:1:1, Inactive
836999, 2047401165, 2115/165/0 1:1:1, Inactive
837999, 2047401165, 2115/165/0 1:1:1, Inactive
838999, 2047401165, 2115/165/0 1:1:1, Inactive
839999, 2047401165, 2115/165/0 1:1:1, Inactive
840999, 2047401165, 2115/165/0 1:1:1, Inactive
841999, 2047401165, 2115/165/0 1:1:1, Inactive
842999, 2047401165, 2115/165/0 1:1:1, Active
843999, 2047401165, 2115/165/0 1:1:1, Active
844999, 2047401165, 2115/165/0 1:1:1, Active
845999, 2047401165, 2115/165/0 1:1:1, Active
846999, 2047401165, 2115/165/0 1:1:1, Active
848000, 2047401165, 2115/165/0 1:1:1, Active
848999, 2047401165, 2115/165/0 1:1:1, Active
849999, 2047401165, 2115/165/0 1:1:1, Inactive
850999, 2047401165, 2115/165/0 1:1:1, Inactive
851999, 2047401165, 2115/165/0 1:1:1, Inactive
852999, 2047401165, 2115/165/0 1:1:1, Inactive
853999, 2047401165, 2115/165/0 1:1:1, Inactive
855000, 2047401165, 2115/165/0 1:1:1, Inactive
855999, 2047401165, 2115/165/0 1:1:1, Inactive
856999, 2047401165, 2115/165/0 1:1:1, Inactive
857999, 2047401165, 2115/165/0 1:1:1, Inactive
858999, 2047401165, 2115/165/0 1:1:1, Inactive
860000, 2047401165, 2115/165/0 1:1:1, Inactive
860999, 2047401165, 2115/165/0 1:1:1, Inactive
861999, 2047401165, 2115/165/0 1:1:1, Inactive
862999, 2047401165, 2115/165/0 1:1:1, Active
863998, 2047401165, 2115/165/0 1:1:1, Active
864999, 2047401165, 2115/165/0 1:1:1, Active
865999, 2047401165, 2115/165/0 1:1:1, Active
866999, 2047401165, 2115/165/0 1:1:1, Active
867999, 2047401165, 2115/165/0 1:1:1, Active
868999, 2047401165, 2115/165/0 1:1:1, Active
869999, 2047401165, 2115/165/0 1:1:1, Active
871000, 2047401165, 2115/165/0 1:1:1, Inactive
871999, 2047401165, 2115/165/0 1:1:1, Inactive
872999, 2047401165, 2115/165/0 1:1:1, Inactive
873999, 2047401165, 2115/165/0 1:1:1, Inactive
875000, 2047401165, 2115/165/0 1:1:1, Inactive
875999, 2047401165, 2115/165/0 1:1:1, Inactive
876999, 2047401165, 2115/165/0 1:1:1, Inactive
877999, 2047401165, 2115/165/0 1:1:1, Inactive
878999, 2047401165, 2115/165/0 1:1:1, Inactive
880000, 2047401165, 2115/165/0 1:1:1, Inactive
880999, 2047401165, 2115/165/0 1:1:1, Inactive
881999, 2047401165, 2115/165/0 1:1:1, Inactive
882999, 2047401165, 2115/165/0 1:1:1, Inactive
883999, 2047401165, 2115/165/0 1:1:1, Active
884999, 2047401165, 2115/165/0 1:1:1, Active
885999, 2047401165, 2115/165/0 1:1:1, Active
887000, 2047401165, 2115/165/0 1:1:1, Active
887999, 2047401165, 2115/165/0 1:1:1, Active
888999, 2047401165, 2115/165/0 1:1:1, Active
889999, 2047401165, 2115/165/0 1:1:1, Active
890999, 2047401165, 2115/165/0 1:1:1, Inactive
892000, 2047401165, 2115/165/0 1:1:1, Inactive
892999, 2047401165, 2115/165/0 1:1:1, Inactive
893999, 2047401165, 2115/165/0 1:1:1, Inactive
894999, 2047401165, 2115/165/0 1:1:1, Inactive
896000, 2047401165, 2115/165/0 1:1:1, Inactive
896999, 2047401165, 2115/165/0 1:1:1, Inactive
897999, 2047401165, 2115/165/0 1:1:1, Inactive
898998, 2047401165, 2115/165/0 1:1:1, Inactive
899999, 2047401165, 2115/165/0 1:1:1, Inactive
900999, 2047401165, 2115/165/0 1:1:1, Inactive
901999, 2047401165, 2115/165/0 1:1:1, Inactive
903000, 2047401165, 2115/165/0 1:1:1, Inactive
903999, 2047401165, 2115/165/0 1:1:1, Inactive
904999, 2047401165, 2115/165/0 1:1:1, Active
905999, 2047401165, 2115/165/0 1:1:1, Active
907000, 2047401165, 2115/165/0 1:1:1, Active
907999, 2047401165, 2115/165/0 1:1:1, Active
908999, 2047401165, 2115/165/0 1:1:1, Active
909999, 2047401165, 2115/165/0 1:1:1, Active
910999, 2047401165, 2115/165/0 1:1:1, Active
911998, 2047401165, 2115/165/0 1:1:1, Inactive
912999, 2047401165, 2115/165/0 1:1:1, Inactive
913999, 2047401165, 2115/165/0 1:1:1, Inactive
914999, 2047401165, 2115/165/0 1:1:1, Inactive
915999, 2047401165, 2115/165/0 1:1:1, Inactive
916999, 2047401165, 2115/165/0 1:1:1, Inactive
918000, 2047401165, 2115/165/0 1:1:1, Inactive
919000, 2047401165, 2115/165/0 1:1:1, Inactive
919999, 2047401165, 2115/165/0 1:1:1, Inactive
920999, 2047401165, 2115/165/0 1:1:1, Inactive
921999, 2047401165, 2115/165/0 1:1:1, Inactive
922999, 2047401165, 2115/165/0 1:1:1, Inactive
924000, 2047401165, 2115/165/0 1:1:1, Inactive
924999, 2047401165, 2115/165/0 1:1:1, Inactive
925999, 2047401165, 2115/165/0 1:1:1, Active
926999, 2047401165, 2115/165/0 1:1:1, Active
928000, 2047401165, 2115/165/0 1:1:1, Active
928999, 2047401165, 2115/165/0 1:1:1, Active
929999, 2047401165, 2115/165/0 1:1:1, Active
930999, 2047401165, 2115/165/0 1:1:1, Active
931999, 2047401165, 2115/165/0 1:1:1, Active
932999, 2047401165, 2115/165/0 1:1:1, Inactive
933999, 2047401165, 2115/165/0 1:1:1, Inactive
934999, 2047401165, 2115/165/0 1:1:1, Inactive
935999, 2047401165, 2115/165/0 1:1:1, Inactive
936999, 2047401165, 2115/165/0 1:1:1, Inactive
937999, 2047401165, 2115/165/0 1:1:1, Inactive
938999, 2047401165, 2115/165/0 1:1:1, Inactive
939999, 2047401165, 2115/165/0 1:1:1, Inactive
940999, 2047401165, 2115/165/0 1:1:1, Inactive
941999, 2047401165, 2115/165/0 1:1:1, Inactive
942999, 2047401165, 2115/165/0 1:1:1, Inactive
944000, 2047401165, 2115/165/0 1:1:1, Inactive
944999, 2047401165, 2115/165/0 1:1:1, Inactive
945999, 2047401165, 2115/165/0 1:1:1, Inactive
946999, 2047401165, 2115/165/0 1:1:1, Active
947999, 2047401165, 2115/165/0 1:1:1, Active
949000, 2047401165, 2115/165/0 1:1:1, Active
949999, 2047401165, 2115/165/0 1:1:1, Active
950999, 2047401165, 2115/165/0 1:1:1, Active
951999, 2047401165, 2115/165/0 1:1:1, Active
952999, 2047401165, 2115/165/0 1:1:1, Active
953999, 2047401165, 2115/165/0 1:1:1, Inactive
954999, 2047401165, 2115/165/0 1:1:1, Inactive
955999, 2047401165, 2115/165/0 1:1:1, Inactive
956999, 2047401165, 2115/165/0 1:1:1, Inactive
958000, 2047401165, 2115/165/0 1:1:1, Inactive
958999, 2047401165, 2115/165/0 1:1:1, Inactive
960000, 2047401165, 2115/165/0 1:1:1, Inactive
960999, 2047401165, 2115/165/0 1:1:1, Inactive
961999, 2047401165, 2115/165/0 1:1:1, Inactive
962999, 2047401165, 2115/165/0 1:1:1, Inactive
963999, 2047401165, 2115/165/0 1:1:1, Inactive
964999, 2047401165, 2115/165/0 1:1:1, Inactive
965999, 2047401165, 2115/165/0 1:1:1, Inactive
967000, 2047401165, 2115/165/0 1:1:1, Inactive
967999, 2047401165, 2115/165/0 1:1:1, Active
968999, 2047401165, 2115/165/0 1:1:1, Active
969999, 2047401165, 2115/165/0 1:1:1, Active
970999, 2047401165, 2115/165/0 1:1:1, Active
972000, 2047401165, 2115/165/0 1:1:1, Active
972999, 2047401165, 2115/165/0 1:1:1, Active
974000, 2047401165, 2115/165/0 1:1:1, Active
974999, 2047401165, 2115/165/0 1:1:1, Inactive
976000, 2047401165, 2115/165/0 1:1:1, Inactive
976999, 2047401165, 2115/165/0 1:1:1, Inactive
977999, 2047401165, 2115/165/0 1:1:1, Inactive
978999, 2047401165, 2115/165/0 1:1:1, Inactive
979999, 2047401165, 2115/165/0 1:1:1, Inactive
980999, 2047401165, 2115/165/0 1:1:1, Inactive
981999, 2047401165, 2115/165/0 1:1:1, Inactive
982999, 2047401165, 2115/165/0 1:1:1, Inactive
983999, 2047401165, 2115/165/0 1:1:1, Inactive
984999, 2047401165, 2115/165/0 1:1:1, Inactive
985999, 2047401165, 2115/165/0 1:1:1, Inactive
986999, 2047401165, 2115/165/0 1:1:1, Inactive
987999, 2047401165, 2115/165/0 1:1:1, Inactive
988999, 2047401165, 2115/165/0 1:1:1, Active
989999, 2047401165, 2115/165/0 1:1:1, Active
990999, 2047401165, 2115/165/0 1:1:1, Active
992000, 2047401165, 2115/165/0 1:1:1, Active
992999, 2047401165, 2115/165/0 1:1:1, Active
993999, 2047401165, 2115/165/0 1:1:1, Active
994999, 2047401165, 2115/165/0 1:1:1, Active
995998, 2047401165, 2115/165/0 1:1:1, Inactive
996999, 2047401165, 2115/165/0 1:1:1, Inactive
997999, 2047401165, 2115/165/0 1:1:1, Inactive
998999, 2047401165, 2115/165/0 1:1:1, Inactive
999999, 2047401165, 2115/165/0 1:1:1, Inactive
1000999, 2047401165, 2115/165/0 1:1:1, Inactive
1001999, 2047401165, 2115/165/0 1:1:1, Inactive
1002999, 2047401165, 2115/165/0 1:1:1, Inactive
1004000, 2047401165, 2115/165/0 1:1:1, Inactive
1004999, 2047401165, 2115/165/0 1:1:1, Inactive
1005999, 2047401165, 2115/165/0 1:1:1, Inactive
1006999, 2047401165, 2115/165/0 1:1:1, Inactive
1008000, 2047401165, 2115/165/0 1:1:1, Inactive
1008999, 2047401165, 2115/165/0 1:1:1, Inactive
1009999, 2047401165, 2115/165/0 1:1:1, Active
1010999, 2047401165, 2115/165/0 1:1:1, Active
1011999, 2047401165, 2115/165/0 1:1:1, Active
1013000, 2047401165, 2115/165/0 1:1:1, Active
1013999, 2047401165, 2115/165/0 1:1:1, Active
1014999, 2047401165, 2115/165/0 1:1:1, Active
1015999, 2047401165, 2115/165/0 1:1:1, Active
1016999, 2047401165, 2115/165/0 1:1:1, Active
1017999, 2047401165, 2115/165/0 1:1:1, Inactive
1018999, 2047401165, 2115/165/0 1:1:1, Inactive
1020000, 2047401165, 2115/165/0 1:1:1, Inactive
1020999, 2047401165, 2115/165/0 1:1:1, Inactive
1021999, 2047401165, 2115/165/0 1:1:1, Inactive
1022999, 2047401165, 2115/165/0 1:1:1, Inactive
1024000, 2047401165, 2115/165/0 1:1:1, Inactive
1024999, 2047401165, 2115/165/0 1:1:1, Inactive
1025999, 2047401165, 2115/165/0 1:1:1, Inactive
1026999, 2047401165, 2115/165/0 1:1:1, Inactive
1027999, 2047401165, 2115/165/0 1:1:1, Inactive
1028999, 2047401165, 2115/165/0 1:1:1, Inactive
1029999, 2047401165, 2115/165/0 1:1:1, Inactive
1031000, 2047401165, 2115/165/0 1:1:1, Active
1031999, 2047401165, 2115/165/0 1:1:1, Active
1032999, 2047401165, 2115/165/0 1:1:1, Active
1033999, 2047401165, 2115/165/0 1:1:1, Active
1034999, 2047401165, 2115/165/0 1:1:1, Active
1035999, 2047401165, 2115/165/0 1:1:1, Active
1037000, 2047401165, 2115/165/0 1:1:1, Active
1038000, 2047401165, 2115/165/0 1:1:1, Inactive
1038999, 2047401165, 2115/165/0 1:1:1, Inactive
1040000, 2047401165, 2115/165/0 1:1:1, Inactive
1040999, 2047401165, 2115/165/0 1:1:1, Inactive
1041999, 2047401165, 2115/165/0 1:1:1, Inactive
1042999, 2047401165, 2115/165/0 1:1:1, Inactive
1043999, 2047401165, 2115/165/0 1:1:1, Inactive
1044999, 2047401165, 2115/165/0 1:1:1, Inactive
1045999, 2047401165, 2115/165/0 1:1:1, Inactive
1046999, 2047401165, 2115/165/0 1:1:1, Inactive
1047999, 2047401165, 2115/165/0 1:1:1, Inactive
1048999, 2047401165, 2115/165/0 1:1:1, Inactive
1049999, 2047401165, 2115/165/0 1:1:1, Inactive
1050999, 2047401165, 2115/165/0 1:1:1, Inactive
1052000, 2047401165, 2115/165/0 1:1:1, Active
1052999, 2047401165, 2115/165/0 1:1:1, Active
1053999, 2047401165, 2115/165/0 1:1:1, Active
1054999, 2047401165, 2115/165/0 1:1:1, Active
1056000, 2047401165, 2115/165/0 1:1:1, Active
1056999, 2047401165, 2115/165/0 1:1:1, Active
1057999, 2047401165, 2115/165/0 1:1:1, Inactive
1058998, 2047401165, 2115/165/0 1:1:1, Inactive
1059999, 2047401165, 2115/165/0 1:1:1, Inactive
1060999, 2047401165, 2115/165/0 1:1:1, Inactive
1061999, 2047401165, 2115/165/0 1:1:1, Inactive
1062999, 2047401165, 2115/165/0 1:1:1, Inactive
1063999, 2047401165, 2115/165/0 1:1:1, Inactive
1064999, 2047401165, 2115/165/0 1:1:1, Inactive
1065999, 2047401165, 2115/165/0 1:1:1, Inactive
1066999, 2047401165, 2115/165/0 1:1:1, Inactive
1067999, 2047401165, 2115/165/0 1:1:1, Inactive
1068999, 2047401165, 2115/165/0 1:1:1, Inactive
1069999, 2047401165, 2115/165/0 1:1:1, Inactive
1070999, 2047401165, 2115/165/0 1:1:1, Inactive
1072000, 2047401165, 2115/165/0 1:1:1, Inactive
1072999, 2047401165, 2115/165/0 1:1:1, Active
1073999, 2047401165, 2115/165/0 1:1:1, Active
1074999, 2047401165, 2115/165/0 1:1:1, Active
1075999, 2047401165, 2115/165/0 1:1:1, Active
1076998, 2047401165, 2115/165/0 1:1:1, Active
1077999, 2047401165, 2115/165/0 1:1:1, Active
1078999, 2047401165, 2115/165/0 1:1:1, Active
1079999, 2047401165, 2115/165/0 1:1:1, Inactive
1080999, 2047401165, 2115/165/0 1:1:1, Inactive
1081999, 2047401165, 2115/165/0 1:1:1, Inactive
1082999, 2047401165, 2115/165/0 1:1:1, Inactive
1084000, 2047401165, 2115/165/0 1:1:1, Inactive
1084999, 2047401165, 2115/165/0 1:1:1, Inactive
1085999, 2047401165, 2115/165/0 1:1:1, Inactive
1086999, 2047401165, 2115/165/0 1:1:1, Inactive
1088000, 2047401165, 2115/165/0 1:1:1, Inactive
1088999, 2047401165, 2115/165/0 1:1:1, Inactive
1089999, 2047401165, 2115/165/0 1:1:1, Inactive
1090999, 2047401165, 2115/165/0 1:1:1, Inactive
1091999, 2047401165, 2115/165/0 1:1:1, Inactive
1093000, 2047401165, 2115/165/0 1:1:1, Inactive
1093999, 2047401165, 2115/165/0 1:1:1, Active
1094999, 2047401165, 2115/165/0 1:1:1, Active
1095999, 2047401165, 2115/165/0 1:1:1, Active
1096999, 2047401165, 2115/165/0 1:1:1, Active
1097999, 2047401165, 2115/165/0 1:1:1, Active
1098999, 2047401165, 2115/165/0 1:1:1, Active
1099999, 2047401165, 2115/165/0 1:1:1, Active
1100998, 2047401165, 2115/165/0 1:1:1, Inactive
1102000, 2047401165, 2115/165/0 1:1:1, Inactive
1102999, 2047401165, 2115/165/0 1:1:1, Inactive
1104000, 2047401165, 2115/165/0 1:1:1, Inactive
1104999, 2047401165, 2115/165/0 1:1:1, Inactive
1105999, 2047401165, 2115/165/0 1:1:1, Inactive
1106999, 2047401165, 2115/165/0 1:1:1, Inactive
1107999, 2047401165, 2115/165/0 1:1:1, Inactive
1108999, 2047401165, 2115/165/0 1:1:1, Inactive
1109999, 2047401165, 2115/165/0 1:1:1, Inactive
1110999, 2047401165, 2115/165/0 1:1:1, Inactive
1111999, 2047401165, 2115/165/0 1:1:1, Inactive
1112999, 2047401165, 2115/165/0 1:1:1, Inactive
1113999, 2047401165, 2115/165/0 1:1:1, Inactive
1114999, 2047401165, 2115/165/0 1:1:1, Active
1115999, 2047401165, 2115/165/0 1:1:1, Active
1116999, 2047401165, 2115/165/0 1:1:1, Active
1117999, 2047401165, 2115/165/0 1:1:1, Active
1118999, 2047401165, 2115/165/0 1:1:1, Active
1120000, 2047401165, 2115/165/0 1:1:1, Active
1120999, 2047401165, 2115/165/0 1:1:1, Active
1121999, 2047401165, 2115/165/0 1:1:1, Inactive
1122999, 2047401165, 2115/165/0 1:1:1, Inactive
1123999, 2047401165, 2115/165/0 1:1:1, Inactive
1124999, 2047401165, 2115/165/0 1:1:1, Inactive
1125999, 2047401165, 2115/165/0 1:1:1, Inactive
1127000, 2047401165, 2115/165/0 1:1:1, Inactive
1127999, 2047401165, 2115/165/0 1:1:1, Inactive
1128999, 2047401165, 2115/165/0 1:1:1, Inactive
1129999, 2047401165, 2115/165/0 1:1:1, Inactive
1130999, 2047401165, 2115/165/0 1:1:1, Inactive
1131999, 2047401165, 2115/165/0 1:1:1, Inactive
1132999, 2047401165, 2115/165/0 1:1:1, Inactive
1133999, 2047401165, 2115/165/0 1:1:1, Inactive
1134999, 2047401165, 2115/165/0 1:1:1, Inactive
1136000, 2047401165, 2115/165/0 1:1:1, Active
1136999, 2047401165, 2115/165/0 1:1:1, Active
1137999, 2047401165, 2115/165/0 1:1:1, Active
1138999, 2047401165, 2115/165/0 1:1:1, Active
1139999, 2047401165, 2115/165/0 1:1:1, Active
1140999, 2047401165, 2115/165/0 1:1:1, Active
1141999, 2047401165, 2115/165/0 1:1:1, Active
1143000, 2047401165, 2115/165/0 1:1:1, Inactive
1143999, 2047401165, 2115/165/0 1:1:1, Inactive
1144999, 2047401165, 2115/165/0 1:1:1, Inactive
1145999, 2047401165, 2115/165/0 1:1:1, Inactive
1146999, 2047401165, 2115/165/0 1:1:1, Inactive
1147998, 2047401165, 2115/165/0 1:1:1, Inactive
1148999, 2047401165, 2115/165/0 1:1:1, Inactive
1149999, 2047401165, 2115/165/0 1:1:1, Inactive
1150999, 2047401165, 2115/165/0 1:1:1, Inactive
1152000, 2047401165, 2115/165/0 1:1:1, Inactive
1152999, 2047401165, 2115/165/0 1:1:1, Inactive
1153999, 2047401165, 2115/165/0 1:1:1, Inactive
1154999, 2047401165, 2115/165/0 1:1:1, Inactive
1155999, 2047401165, 2115/165/0 1:1:1, Inactive
1157000, 2047401165, 2115/165/0 1:1:1, Inactive
1157999, 2047401165, 2115/165/0 1:1:1, Inactive
1159000, 2047401165, 2115/165/0 1:1:1, Inactive
1159999, 2047401165, 2115/165/0 1:1:1, Inactive
1160999, 2047401165, 2115/165/0 1:1:1, Active
1161999, 2047401165, 2115/165/0 1:1:1, Active
1162999, 2047401165, 2115/165/0 1:1:1, Active
1163998, 2047401165, 2115/165/0 1:1:1, Active
1164999, 2047401165, 2115/165/0 1:1:1, Active
1165999, 2047401165, 2115/165/0 1:1:1, Active
1166999, 2047401165, 2115/165/0 1:1:1, Active
1168000, 2047401165, 2115/165/0 1:1:1, Inactive
1168999, 2047401165, 2115/165/0 1:1:1, Inactive
1169999, 2047401165, 2115/165/0 1:1:1, Inactive
1170999, 2047401165, 2115/165/0 1:1:1, Inactive
1171998, 2047401165, 2115/165/0 1:1:1, Inactive
1172999, 2047401165, 2115/165/0 1:1:1, Inactive
1173999, 2047401165, 2115/165/0 1:1:1, Inactive
1175000, 2047401165, 2115/165/0 1:1:1, Inactive
1175999, 2047401165, 2115/165/0 1:1:1, Inactive
1176999, 2047401165, 2115/165/0 1:1:1, Inactive
1177999, 2047401165, 2115/165/0 1:1:1, Inactive
1178999, 2047401165, 2115/165/0 1:1:1, Inactive
1180000, 2047401165, 2115/165/0 1:1:1, Inactive
1180999, 2047401165, 2115/165/0 1:1:1, Inactive
1181999, 2047401165, 2115/165/0 1:1:1, Inactive
1182999, 2047401165, 2115/165/0 1:1:1, Active
1184000, 2047401165, 2115/165/0 1:1:1, Active
1184999, 2047401165, 2115/165/0 1:1:1, Active
1185999, 2047401165, 2115/165/0 1:1:1, Active
1186999, 2047401165, 2115/165/0 1:1:1, Active
1187999, 2047401165, 2115/165/0 1:1:1, Active
1188999, 2047401165, 2115/165/0 1:1:1, Inactive
1189999, 2047401165, 2115/165/0 1:1:1, Inactive
1191000, 2047401165, 2115/165/0 1:1:1, Inactive
1191999, 2047401165, 2115/165/0 1:1:1, Inactive
1192999, 2047401165, 2115/165/0 1:1:1, Inactive
1193999, 2047401165, 2115/165/0 1:1:1, Inactive
1194999, 2047401165, 2115/165/0 1:1:1, Inactive
1196000, 2047401165, 2115/165/0 1:1:1, Inactive
1196999, 2047401165, 2115/165/0 1:1:1, Inactive
1197999, 2047401165, 2115/165/0 1:1:1, Inactive
1198999, 2047401165, 2115/165/0 1:1:1, Inactive
1200000, 2047401165, 2115/165/0 1:1:1, Inactive
1200999, 2047401165, 2115/165/0 1:1:1, Inactive
1201999, 2047401165, 2115/165/0 1:1:1, Inactive
1202999, 2047401165, 2115/165/0 1:1:1, Active
1203999, 2047401165, 2115/165/0 1:1:1, Active
1204999, 2047401165, 2115/165/0 1:1:1, Active
1205999, 2047401165, 2115/165/0 1:1:1, Active
1207000, 2047401165, 2115/165/0 1:1:1, Active
1207999, 2047401165, 2115/165/0 1:1:1, Active
1208999, 2047401165, 2115/165/0 1:1:1, Active
1209999, 2047401165, 2115/165/0 1:1:1, Inactive
1210999, 2047401165, 2115/165/0 1:1:1, Inactive
1211999, 2047401165, 2115/165/0 1:1:1, Inactive
1212999, 2047401165, 2115/165/0 1:1:1, Inactive
1213999, 2047401165, 2115/165/0 1:1:1, Inactive
1214999, 2047401165, 2115/165/0 1:1:1, Inactive
1216000, 2047401165, 2115/165/0 1:1:1, Inactive
1216999, 2047401165, 2115/165/0 1:1:1, Inactive
1217999, 2047401165, 2115/165/0 1:1:1, Inactive
1218999, 2047401165, 2115/165/0 1:1:1, Inactive
1219999, 2047401165, 2115/165/0 1:1:1, Inactive
1220999, 2047401165, 2115/165/0 1:1:1, Inactive
1221999, 2047401165, 2115/165/0 1:1:1, Inactive
1223000, 2047401165, 2115/165/0 1:1:1, Inactive
1223999, 2047401165, 2115/165/0 1:1:1, Active
1224999, 2047401165, 2115/165/0 1:1:1, Active
1225999, 2047401165, 2115/165/0 1:1:1, Active
1226999, 2047401165, 2115/165/0 1:1:1, Active
1227998, 2047401165, 2115/165/0 1:1:1, Active
1228999, 2047401165, 2115/165/0 1:1:1, Active
1229999, 2047401165, 2115/165/0 1:1:1, Active
1230999, 2047401165, 2115/165/0 1:1:1, Inactive
1232000, 2047401165, 2115/165/0 1:1:1, Inactive
1232999, 2047401165, 2115/165/0 1:1:1, Inactive
1233999, 2047401165, 2115/165/0 1:1:1, Inactive
1234999, 2047401165, 2115/165/0 1:1:1, Inactive
1235999, 2047401165, 2115/165/0 1:1:1, Inactive
1237000, 2047401165, 2115/165/0 1:1:1, Inactive
1237999, 2047401165, 2115/165/0 1:1:1, Inactive
1238999, 2047401165, 2115/165/0 1:1:1, Inactive
1239999, 2047401165, 2115/165/0 1:1:1, Inactive
1240999, 2047401165, 2115/165/0 1:1:1, Inactive
1241999, 2047401165, 2115/165/0 1:1:1, Inactive
1242999, 2047401165, 2115/165/0 1:1:1, Inactive
1244000, 2047401165, 2115/165/0 1:1:1, Inactive
1244999, 2047401165, 2115/165/0 1:1:1, Active
1245999, 2047401165, 2115/165/0 1:1:1, Active
1246999, 2047401165, 2115/165/0 1:1:1, Active
1247998, 2047401165, 2115/165/0 1:1:1, Active
1248999, 2047401165, 2115/165/0 1:1:1, Active
1249998, 2047401165, 2115/165/0 1:1:1, Active
1250999, 2047401165, 2115/165/0 1:1:1, Active
1251999, 2047401165, 2115/165/0 1:1:1, Inactive
1252999, 2047401165, 2115/165/0 1:1:1, Inactive
1253999, 2047401165, 2115/165/0 1:1:1, Inactive
1254999, 2047401165, 2115/165/0 1:1:1, Inactive
1255999, 2047401165, 2115/165/0 1:1:1, Inactive
1256999, 2047401165, 2115/165/0 1:1:1, Inactive
1257999, 2047401165, 2115/165/0 1:1:1, Inactive
1258999, 2047401165, 2115/165/0 1:1:1, Inactive
1260000, 2047401165, 2115/165/0 1:1:1, Inactive
1260999, 2047401165, 2115/165/0 1:1:1, Inactive
1261999, 2047401165, 2115/165/0 1:1:1, Inactive
1262999, 2047401165, 2115/165/0 1:1:1, Inactive
1264000, 2047401165, 2115/165/0 1:1:1, Inactive
1264999, 2047401165, 2115/165/0 1:1:1, Inactive
1265999, 2047401165, 2115/165/0 1:1:1, Active
1266999, 2047401165, 2115/165/0 1:1:1, Active
1267999, 2047401165, 2115/165/0 1:1:1, Active
1268999, 2047401165, 2115/165/0 1:1:1, Active
1269998, 2047401165, 2115/165/0 1:1:1, Active
1271000, 2047401165, 2115/165/0 1:1:1, Active
1271999, 2047401165, 2115/165/0 1:1:1, Active
1272999, 2047401165, 2115/165/0 1:1:1, Inactive
1273999, 2047401165, 2115/165/0 1:1:1, Inactive
1274999, 2047401165, 2115/165/0 1:1:1, Inactive
1275999, 2047401165, 2115/165/0 1:1:1, Inactive
1276999, 2047401165, 2115/165/0 1:1:1, Inactive
1277999, 2047401165, 2115/165/0 1:1:1, Inactive
1278999, 2047401165, 2115/165/0 1:1:1, Inactive
1279998, 2047401165, 2115/165/0 1:1:1, Inactive
1280999, 2047401165, 2115/165/0 1:1:1, Inactive
1281999, 2047401165, 2115/165/0 1:1:1, Inactive
1282999, 2047401165, 2115/165/0 1:1:1, Inactive
1283999, 2047401165, 2115/165/0 1:1:1, Inactive
1284999, 2047401165, 2115/165/0 1:1:1, Inactive
1285999, 2047401165, 2115/165/0 1:1:1, Inactive
1286999, 2047401165, 2115/165/0 1:1:1, Active
1287999, 2047401165, 2115/165/0 1:1:1, Active
1288999, 2047401165, 2115/165/0 1:1:1, Active
1289999, 2047401165, 2115/165/0 1:1:1, Active
1290999, 2047401165, 2115/165/0 1:1:1, Active
1291999, 2047401165, 2115/165/0 1:1:1, Active
1292999, 2047401165, 2115/165/0 1:1:1, Active
1293999, 2047401165, 2115/165/0 1:1:1, Inactive
1294999, 2047401165, 2115/165/0 1:1:1, Inactive
1296000, 2047401165, 2115/165/0 1:1:1, Inactive
1296999, 2047401165, 2115/165/0 1:1:1, Inactive
1297999, 2047401165, 2115/165/0 1:1:1, Inactive
1298999, 2047401165, 2115/165/0 1:1:1, Inactive
1299999, 2047401165, 2115/165/0 1:1:1, Inactive
1300999, 2047401165, 2115/165/0 1:1:1, Inactive
1301999, 2047401165, 2115/165/0 1:1:1, Inactive
1303000, 2047401165, 2115/165/0 1:1:1, Inactive
1303999, 2047401165, 2115/165/0 1:1:1, Inactive
1304999, 2047401165, 2115/165/0 1:1:1, Inactive
1305998, 2047401165, 2115/165/0 1:1:1, Inactive
1306999, 2047401165, 2115/165/0 1:1:1, Inactive
1307999, 2047401165, 2115/165/0 1:1:1, Active
1308999, 2047401165, 2115/165/0 1:1:1, Active
1309999, 2047401165, 2115/165/0 1:1:1, Active
1310999, 2047401165, 2115/165/0 1:1:1, Active
1311998, 2047401165, 2115/165/0 1:1:1, Active
1312999, 2047401165, 2115/165/0 1:1:1, Active
1313999, 2047401165, 2115/165/0 1:1:1, Active
1314999, 2047401165, 2115/165/0 1:1:1, Inactive
1315999, 2047401165, 2115/165/0 1:1:1, Inactive
1316999, 2047401165, 2115/165/0 1:1:1, Inactive
1317999, 2047401165, 2115/165/0 1:1:1, Inactive
1319000, 2047401165, 2115/165/0 1:1:1, Inactive
1319999, 2047401165, 2115/165/0 1:1:1, Inactive
1320999, 2047401165, 2115/165/0 1:1:1, Inactive
1321999, 2047401165, 2115/165/0 1:1:1, Inactive
1322999, 2047401165, 2115/165/0 1:1:1, Inactive
1323999, 2047401165, 2115/165/0 1:1:1, Inactive
1324999, 2047401165, 2115/165/0 1:1:1, Inactive
1326000, 2047401165, 2115/165/0 1:1:1, Inactive
1326999, 2047401165, 2115/165/0 1:1:1, Inactive
1328000, 2047401165, 2115/165/0 1:1:1, Inactive
1328999, 2047401165, 2115/165/0 1:1:1, Active
1329999, 2047401165, 2115/165/0 1:1:1, Active
1331000, 2047401165, 2115/165/0 1:1:1, Active
1331999, 2047401165, 2115/165/0 1:1:1, Active
1332999, 2047401165, 2115/165/0 1:1:1, Active
1333998, 2047401165, 2115/165/0 1:1:1, Active
1335000, 2047401165, 2115/165/0 1:1:1, Active
1335999, 2047401165, 2115/165/0 1:1:1, Inactive
1336999, 2047401165, 2115/165/0 1:1:1, Inactive
1337999, 2047401165, 2115/165/0 1:1:1, Inactive
1338999, 2047401165, 2115/165/0 1:1:1, Inactive
1339999, 2047401165, 2115/165/0 1:1:1, Inactive
1340999, 2047401165, 2115/165/0 1:1:1, Inactive
1341999, 2047401165, 2115/165/0 1:1:1, Inactive
1342999, 2047401165, 2115/165/0 1:1:1, Inactive
1343998, 2047401165, 2115/165/0 1:1:1, Inactive
1344998, 2047401165, 2115/165/0 1:1:1, Inactive
1345999, 2047401165, 2115/165/0 1:1:1, Inactive
1346999, 2047401165, 2115/165/0 1:1:1, Inactive
1347999, 2047401165, 2115/165/0 1:1:1, Inactive
1348999, 2047401165, 2115/165/0 1:1:1, Inactive
1349999, 2047401165, 2115/165/0 1:1:1, Active
1350999, 2047401165, 2115/165/0 1:1:1, Active
1351999, 2047401165, 2115/165/0 1:1:1, Active
1352999, 2047401165, 2115/165/0 1:1:1, Active
1354000, 2047401165, 2115/165/0 1:1:1, Active
1354999, 2047401165, 2115/165/0 1:1:1, Active
1355999, 2047401165, 2115/165/0 1:1:1, Inactive
1356999, 2047401165, 2115/165/0 1:1:1, Inactive
1358000, 2047401165, 2115/165/0 1:1:1, Inactive
1358999, 2047401165, 2115/165/0 1:1:1, Inactive
1360000, 2047401165, 2115/165/0 1:1:1, Inactive
1360999, 2047401165, 2115/165/0 1:1:1, Inactive
1361999, 2047401165, 2115/165/0 1:1:1, Inactive
1362999, 2047401165, 2115/165/0 1:1:1, Inactive
1363999, 2047401165, 2115/165/0 1:1:1, Inactive
1364999, 2047401165, 2115/165/0 1:1:1, Inactive
1365999, 2047401165, 2115/165/0 1:1:1, Inactive
1367000, 2047401165, 2115/165/0 1:1:1, Inactive
1367999, 2047401165, 2115/165/0 1:1:1, Inactive
1368999, 2047401165, 2115/165/0 1:1:1, Inactive
1369999, 2047401165, 2115/165/0 1:1:1, Inactive
1370999, 2047401165, 2115/165/0 1:1:1, Active
1371999, 2047401165, 2115/165/0 1:1:1, Active
1372999, 2047401165, 2115/165/0 1:1:1, Active
1373999, 2047401165, 2115/165/0 1:1:1, Active
1374999, 2047401165, 2115/165/0 1:1:1, Inactive
1376000, 2047401165, 2115/165/0 1:1:1, Inactive
1376999, 2047401165, 2115/165/0 1:1:1, Inactive
1377999, 2047401165, 2115/165/0 1:1:1, Inactive
1378999, 2047401165, 2115/165/0 1:1:1, Active
1379999, 2047401165, 2115/165/0 1:1:1, Active
1381000, 2047401165, 2115/165/0 1:1:1, Active
1381999, 2047401165, 2115/165/0 1:1:1, Active
1382999, 2047401165, 2115/165/0 1:1:1, Active
1383999, 2047401165, 2115/165/0 1:1:1, Inactive
1384999, 2047401165, 2115/165/0 1:1:1, Active
1386000, 2047401165, 2115/165/0 1:1:1, Inactive
1386999, 2047401165, 2115/165/0 1:1:1, Inactive
1387999, 2047401165, 2115/165/0 1:1:1, Inactive
1388999, 2047401165, 2115/165/0 1:1:1, Inactive
1389999, 2047401165, 2115/165/0 1:1:1, Inactive
1390999, 2047401165, 2115/165/0 1:1:1, Inactive
1391998, 2047401165, 2115/165/0 1:1:1, Inactive
